Word,Frequency,state
노래,996,긍정적
좋다,966,긍정적
레이브,648,긍정적
있다,564,긍정적
보다,482,긍정적
진짜,460,긍정적
들다,448,긍정적
같다,366,긍정적
되다,338,긍정적
아이돌,290,긍정적
아니다,232,긍정적
듣다,228,긍정적
더,216,긍정적
사랑,214,긍정적
오다,214,긍정적
플리,210,긍정적
없다,210,긍정적
것,202,긍정적
팬,188,긍정적
생각,178,긍정적
사람,172,긍정적
내,170,부정적
얼,166,긍정적
곡,166,긍정적
이다,164,부정적
수,156,긍정적
않다,154,긍정적
음악,152,부정적
버추,150,긍정적
처음,140,긍정적
거,140,긍정적
뮤비,140,긍정적
보고,140,긍정적
쓰다,140,긍정적
자다,136,긍정적
오늘,136,부정적
많다,134,긍정적
때,134,긍정적
말,134,긍정적
싶다,134,긍정적
그냥,134,긍정적
위,132,긍정적
만들다,128,부정적
정말,128,긍정적
좋아하다,126,긍정적
그,126,긍정적
응원,126,긍정적
우리,124,긍정적
입덕,124,긍정적
느낌,122,긍정적
왜,118,긍정적
그렇다,118,긍정적
애,118,긍정적
해주다,116,긍정적
나,114,긍정적
앞,114,긍정적
이렇다,108,긍정적
요즘,108,긍정적
가다,106,긍정적
버츄얼,102,긍정적
영상,100,긍정적
안무,100,긍정적
되어다,96,긍정적
받다,94,긍정적
게,94,긍정적
그룹,90,긍정적
나오다,90,긍정적
저,90,긍정적
너희,90,긍정적
댓글,88,긍정적
멤버,86,긍정적
실력,84,긍정적
얘,84,긍정적
계속,80,긍정적
모르다,78,긍정적
축하,76,긍정적
알다,74,긍정적
하나,74,긍정적
느끼다,74,긍정적
마음,74,긍정적
가수,72,긍정적
임,72,긍정적
진심,72,긍정적
걸,70,긍정적
행복하다,70,긍정적
뭐,70,긍정적
제,70,긍정적
덕질,66,긍정적
또,66,긍정적
개,66,긍정적
가사,64,긍정적
지금,64,긍정적
항상,64,긍정적
이번,62,긍정적
넘다,62,긍정적
이제,62,긍정적
작곡,60,긍정적
고맙다,60,긍정적
자체,58,긍정적
다른,58,긍정적
중,56,긍정적
미치다,56,긍정적
눈,56,긍정적
앨범,54,긍정적
느껴지다,54,긍정적
세상,54,긍정적
돼다,54,긍정적
뜨다,54,긍정적
알,52,긍정적
음중,50,긍정적
좀,50,긍정적
주다,50,긍정적
찾아보다,50,긍정적
안,50,긍정적
부정,50,긍정적
기다리다,50,긍정적
편견,48,긍정적
하루,48,부정적
짜다,48,부정적
부분,48,긍정적
전,44,긍정적
듯,44,긍정적
예쁘다,44,긍정적
믿다,44,긍정적
평,44,긍정적
날,42,긍정적
꿈,42,긍정적
영화,42,긍정적
솔직하다,42,긍정적
버리다,42,긍정적
새롭다,42,긍정적
남자,42,긍정적
맞다,42,긍정적
화이팅,42,긍정적
작사,40,긍정적
보이다,40,부정적
정도,40,긍정적
대단하다,40,긍정적
이유,40,긍정적
아주,40,긍정적
분,40,긍정적
남돌,40,긍정적
일,40,긍정적
봄,40,긍정적
매일,40,부정적
신기하다,38,긍정적
어떻다,38,긍정적
케이팝,38,긍정적
기,38,긍정적
마지막,38,긍정적
요,38,긍정적
끝,38,긍정적
감사하다,36,긍정적
듣기,36,긍정적
오히려,36,긍정적
보여주다,36,긍정적
나다,36,긍정적
매력,36,긍정적
감동,36,긍정적
내다,36,긍정적
가보다,36,긍정적
시작,34,긍정적
길,34,긍정적
모습,34,긍정적
다시,34,긍정적
한번,34,긍정적
사실,34,긍정적
뒤,34,긍정적
기술,34,부정적
스밍,34,긍정적
지다,34,긍정적
뭔가,34,긍정적
직접,32,긍정적
아티스트,32,긍정적
대중,32,긍정적
머리,32,부정적
세대,32,긍정적
차다,32,긍정적
함,32,긍정적
방송,32,긍정적
모든,32,긍정적
때문,32,긍정적
누구,32,긍정적
건,32,긍정적
준,32,긍정적
노력,32,긍정적
심장,32,부정적
성공하다,32,긍정적
기분,32,긍정적
줄,32,긍정적
남,30,긍정적
시간,30,긍정적
놀라다,30,긍정적
라이브,30,긍정적
인간,30,부정적
목소리,30,긍정적
궁금하다,30,부정적
지나가다,28,긍정적
커버,28,긍정적
모두,28,긍정적
낭만,28,긍정적
부르다,28,긍정적
해보다,28,부정적
남다,28,긍정적
제작,28,긍정적
속,28,긍정적
팀,28,긍정적
난,28,긍정적
욕,28,긍정적
데,28,긍정적
취향,28,긍정적
이상하다,28,긍정적
데뷔,28,긍정적
해,28,긍정적
먹다,28,긍정적
가슴,28,긍정적
블래스트,28,긍정적
달다,28,긍정적
눈물,28,긍정적
빠지다,28,긍정적
끄다,28,긍정적
천만,28,긍정적
여기,26,긍정적
빅뱅,26,긍정적
번,26,긍정적
쉬다,26,긍정적
거의,26,긍정적
관심,26,긍정적
플레이,26,긍정적
자신,26,긍정적
곳,26,긍정적
자랑스럽다,26,긍정적
드리다,26,긍정적
친구,26,긍정적
귀엽다,26,긍정적
점점,26,긍정적
무대,26,긍정적
서로,26,긍정적
여름,26,긍정적
음방,26,긍정적
노아,24,긍정적
더욱,24,긍정적
수록,24,긍정적
팬덤,24,긍정적
서사,24,긍정적
돌,24,긍정적
찍다,24,긍정적
얼마나,24,긍정적
회수,24,긍정적
실제,24,긍정적
자꾸,24,긍정적
아름답다,24,부정적
안되다,24,긍정적
생각나다,24,긍정적
나가다,24,긍정적
만나다,24,부정적
찾다,24,긍정적
온,22,긍정적
역사,22,긍정적
예전,22,긍정적
대다,22,긍정적
별,22,긍정적
살,22,긍정적
늦다,22,긍정적
써다,22,부정적
자주,22,긍정적
회사,22,긍정적
덕분,22,긍정적
바라다,22,긍정적
감,22,긍정적
대해,22,긍정적
가장,22,긍정적
꼭,22,긍정적
옆,22,긍정적
언제,22,긍정적
춤,22,부정적
순간,22,긍정적
희망,22,긍정적
따뜻하다,22,긍정적
설레다,22,긍정적
질리다,22,긍정적
이후,20,긍정적
감성,20,긍정적
기대,20,긍정적
기사,20,긍정적
힘들다,20,긍정적
인생,20,긍정적
이루다,20,긍정적
누가,20,긍정적
자기,20,긍정적
거짓말,20,긍정적
악플,20,긍정적
볼,20,긍정적
보컬,20,긍정적
장르,20,긍정적
도전,20,긍정적
시선,20,긍정적
멋지다,20,긍정적
알고리즘,20,긍정적
보,20,긍정적
버츄,20,긍정적
대한,20,긍정적
밤비,20,긍정적
발전,20,긍정적
위로,20,긍정적
기쁘다,20,긍정적
소리,20,긍정적
활동,20,긍정적
명,20,긍정적
만,20,긍정적
늘다,20,긍정적
역시,20,긍정적
안질리다,20,긍정적
다르다,20,긍정적
종일,18,긍정적
채우다,18,긍정적
무슨,18,긍정적
멋있다,18,긍정적
시절,18,긍정적
드라이브,18,긍정적
겠다,18,긍정적
분위기,18,긍정적
뭐라다,18,부정적
영어,18,긍정적
이해,18,긍정적
전부,18,긍정적
바이럴,18,긍정적
올라가다,18,긍정적
점,18,긍정적
가지다,18,긍정적
가지,18,긍정적
열정,18,긍정적
가득하다,18,긍정적
그게,18,긍정적
힘,18,긍정적
곧,18,긍정적
갈다,18,긍정적
바로,18,긍정적
살다,18,긍정적
힘내다,18,긍정적
찾아오다,18,긍정적
해내다,18,긍정적
첫,18,긍정적
통해,18,긍정적
더더,18,긍정적
벅차다,18,긍정적
중독,18,긍정적
소식,18,긍정적
수도,18,긍정적
유튜브,18,긍정적
말다,18,긍정적
나아가다,18,긍정적
들려주다,18,긍정적
구독,18,긍정적
돌리다,16,긍정적
돌이,16,긍정적
프로,16,긍정적
작다,16,긍정적
존나,16,긍정적
약간,16,긍정적
불다,16,긍정적
인기,16,긍정적
존재,16,부정적
돌판,16,긍정적
어리다,16,긍정적
따르다,16,긍정적
건지다,16,긍정적
너,16,긍정적
들이다,16,긍정적
많아지다,16,긍정적
별로,16,긍정적
브라,16,긍정적
대기업,16,긍정적
감사,16,긍정적
예준,16,긍정적
하민이,16,긍정적
세계관,16,긍정적
기다,16,긍정적
이름,16,긍정적
해도,16,긍정적
억,16,긍정적
본업,16,긍정적
예,16,긍정적
파트,16,부정적
쎄다,16,긍정적
완전,16,긍정적
원래,16,긍정적
민,16,긍정적
후회,16,긍정적
반복,16,긍정적
무엇,16,긍정적
확실하다,16,부정적
현실,16,긍정적
사계절,16,긍정적
캐릭터,16,긍정적
이세돌,16,긍정적
들리다,16,긍정적
방,16,긍정적
부다,16,긍정적
심지어,14,긍정적
오래오래,14,긍정적
퀄리티,14,긍정적
늘,14,긍정적
한국,14,긍정적
모이다,14,긍정적
재,14,긍정적
이상,14,긍정적
떠나다,14,긍정적
음악중심,14,긍정적
높다,14,긍정적
아담,14,긍정적
도,14,긍정적
읽다,14,긍정적
시대,14,부정적
물,14,부정적
신나다,14,긍정적
쪽,14,긍정적
깊다,14,긍정적
음,14,긍정적
인정,14,긍정적
개인,14,긍정적
제일,14,긍정적
글,14,긍정적
그대로,14,긍정적
또한,14,긍정적
얼다,14,긍정적
보기,14,긍정적
따다,14,긍정적
이건,14,긍정적
선물,14,긍정적
스토리,14,긍정적
거부,14,긍정적
옛날,14,긍정적
멜로디,14,긍정적
넣다,14,긍정적
들어오다,14,긍정적
여섯,14,긍정적
장벽,14,부정적
바뀌다,14,긍정적
성장하다,14,긍정적
과정,14,긍정적
신곡,14,긍정적
맘,14,긍정적
형,14,긍정적
즐겁다,14,부정적
기존,14,긍정적
차,14,긍정적
건가,14,긍정적
영원하다,14,부정적
작업,14,긍정적
생기다,14,긍정적
제발,14,긍정적
젠,14,긍정적
벅차오르다,14,긍정적
날씨,14,긍정적
웃다,14,긍정적
크다,14,긍정적
챙기다,14,긍정적
좋아지다,14,긍정적
집중,14,긍정적
옴,14,긍정적
노,14,긍정적
뮤밍,14,긍정적
며,12,긍정적
걷다,12,긍정적
듀싱,12,긍정적
이야기,12,긍정적
의,12,긍정적
돌다,12,긍정적
발견,12,긍정적
재능,12,긍정적
조금,12,긍정적
표현,12,긍정적
본인,12,긍정적
춤추다,12,긍정적
그때,12,긍정적
담기다,12,긍정적
나이,12,긍정적
받아들이다,12,긍정적
모,12,긍정적
여러분,12,긍정적
다양하다,12,긍정적
해봤다,12,부정적
뭘,12,긍정적
아끼다,12,긍정적
비주,12,긍정적
능력,12,긍정적
똑같다,12,긍정적
아이,12,긍정적
돌아오다,12,긍정적
남기다,12,긍정적
중요하다,12,긍정적
본질,12,긍정적
거리,12,부정적
빠져들다,12,긍정적
달,12,긍정적
버튜버,12,긍정적
뛰다,12,긍정적
낯선,12,긍정적
걱정,12,긍정적
기도,12,긍정적
잊다,12,부정적
손,12,긍정적
야하다,12,긍정적
걸다,12,긍정적
이기,12,긍정적
가사도,12,긍정적
햄,12,부정적
삶,12,긍정적
무시,12,긍정적
플하,12,긍정적
먼저,12,긍정적
진입,12,긍정적
당신,12,긍정적
추천,12,긍정적
행복,12,긍정적
막,12,긍정적
아침,12,긍정적
어제,12,긍정적
콘서트,12,긍정적
여,12,긍정적
찬,12,긍정적
퀄,12,긍정적
노랑,12,긍정적
연습,12,긍정적
소통,12,긍정적
소중하다,12,부정적
음색,12,긍정적
벌써,12,긍정적
동네,12,긍정적
스스로,12,긍정적
놀람,12,긍정적
빛,12,긍정적
컴백,12,긍정적
새,12,긍정적
아쉽다,12,긍정적
평생,12,긍정적
장점,12,긍정적
뿐,12,긍정적
위해,12,긍정적
고,12,긍정적
전곡,12,긍정적
뿌듯하다,12,긍정적
자랑,12,긍정적
여기다,12,긍정적
대박,12,긍정적
재밌다,12,긍정적
버블,12,긍정적
귀,12,긍정적
외계인,12,긍정적
뷰,12,긍정적
일이,12,긍정적
베이스,12,부정적
감정,12,부정적
보내다,12,긍정적
나서다,12,긍정적
매번,12,긍정적
밤,12,긍정적
베텔기우스,10,부정적
은호,10,긍정적
깔다,10,긍정적
걸리다,10,긍정적
가능하다,10,부정적
네,10,긍정적
전성기,10,긍정적
보임,10,긍정적
겉모습,10,긍정적
포인트,10,긍정적
투표,10,긍정적
닮다,10,긍정적
리스닝,10,긍정적
이르다,10,긍정적
담다,10,긍정적
굳이,10,긍정적
귀하다,10,긍정적
안녕하다,10,긍정적
무섭다,10,긍정적
마케팅,10,긍정적
미래,10,긍정적
인,10,긍정적
요소,10,긍정적
사이,10,긍정적
색안경,10,긍정적
끼,10,긍정적
싫다,10,긍정적
최고,10,긍정적
잘생기다,10,긍정적
기회,10,긍정적
리,10,긍정적
분야,10,긍정적
요새,10,긍정적
아프다,10,긍정적
몇개,10,긍정적
파다,10,긍정적
아예,10,긍정적
국내,10,긍정적
아래,10,긍정적
금,10,긍정적
다섯,10,긍정적
이쁘다,10,긍정적
본진,10,긍정적
바,10,긍정적
꽃길,10,긍정적
머글,10,긍정적
생소하다,10,긍정적
즐기다,10,긍정적
객관,10,긍정적
단단하다,10,긍정적
빌보드,10,긍정적
로만,10,긍정적
향수,10,긍정적
짐,10,긍정적
일단,10,긍정적
가깝다,10,긍정적
흘리다,10,긍정적
안좋다,10,긍정적
애니,10,긍정적
평가,10,긍정적
증명,10,긍정적
못,10,긍정적
놓다,10,긍정적
수많다,10,긍정적
핑크,10,긍정적
고생,10,긍정적
최애,10,긍정적
잇다,10,긍정적
인정받다,10,긍정적
편안하다,10,부정적
봄바람,10,긍정적
움,10,긍정적
레전드,10,긍정적
분명,10,긍정적
내내,10,긍정적
공짜,10,긍정적
청량하다,10,부정적
내려가다,10,긍정적
배경,10,긍정적
숨다,10,긍정적
힘드다,10,긍정적
나르다,10,긍정적
넘치다,10,긍정적
보시,10,긍정적
부탁드리다,10,긍정적
바꾸다,10,긍정적
만해,10,긍정적
관계,10,긍정적
높이,10,긍정적
쓸다,10,긍정적
겁나다,10,긍정적
컨셉,10,긍정적
뮤직비디오,10,긍정적
저희,10,긍정적
절대,10,긍정적
당하다,10,긍정적
끼리,10,긍정적
주년,10,긍정적
뜨겁다,10,긍정적
댄스,10,부정적
다가오다,10,긍정적
길이,10,부정적
가상,10,긍정적
빛나다,10,부정적
무언가,10,긍정적
쭉,10,긍정적
하이,10,긍정적
후,10,긍정적
카페,10,긍정적
짱,10,긍정적
찰떡,10,긍정적
빤짝,10,긍정적
형태,10,긍정적
볼때,10,긍정적
비,10,긍정적
디렉팅,8,긍정적
랩,8,긍정적
개다,8,긍정적
전세계,8,긍정적
스타트업,8,긍정적
선입견,8,긍정적
뮤지션,8,긍정적
마냥,8,긍정적
찾아듣다,8,부정적
타이틀,8,긍정적
한계,8,긍정적
너머,8,긍정적
보지,8,긍정적
당황,8,긍정적
스럽다,8,긍정적
서투르다,8,긍정적
잠깐,8,긍정적
감히,8,긍정적
추다,8,긍정적
바쁘다,8,긍정적
스타일,8,긍정적
공중파,8,긍정적
멜론,8,긍정적
차트,8,긍정적
설명,8,긍정적
단순하다,8,긍정적
그것,8,긍정적
깊이,8,긍정적
적,8,긍정적
특유,8,긍정적
수가,8,긍정적
고민,8,긍정적
경우,8,긍정적
밴드,8,긍정적
타팬,8,긍정적
스펙,8,긍정적
룩삼,8,긍정적
부터,8,긍정적
팝,8,긍정적
순수하다,8,긍정적
편지,8,긍정적
말씀,8,긍정적
상당하다,8,긍정적
비난,8,긍정적
괜찮다,8,긍정적
작년,8,긍정적
묘,8,긍정적
등,8,긍정적
성과,8,긍정적
낼,8,긍정적
들어서다,8,긍정적
뽑다,8,긍정적
동안,8,긍정적
만큼,8,긍정적
과,8,긍정적
늘어나다,8,긍정적
멀다,8,긍정적
자세,8,부정적
여정,8,긍정적
우린,8,긍정적
비다,8,부정적
멀리,8,긍정적
어디,8,긍정적
접,8,긍정적
맛,8,긍정적
미안하다,8,긍정적
누군가,8,긍정적
유튭,8,긍정적
년,8,긍정적
반응,8,부정적
크게,8,긍정적
상처,8,긍정적
얼마,8,긍정적
새벽,8,긍정적
닿다,8,긍정적
숙제,8,긍정적
로서,8,긍정적
누르다,8,긍정적
만이,8,긍정적
다니다,8,긍정적
무조건,8,긍정적
달달,8,긍정적
플브,8,긍정적
승승장구,8,긍정적
갖다,8,긍정적
타,8,긍정적
나쁘다,8,긍정적
음원,8,긍정적
파이팅,8,긍정적
이자,8,긍정적
편하다,8,긍정적
가끔,8,긍정적
자리,8,긍정적
일상,8,긍정적
로써,8,긍정적
녹음,8,긍정적
준비,8,긍정적
단,8,긍정적
올려주다,8,긍정적
벽,8,긍정적
쇼츠,8,긍정적
깨,8,긍정적
해오다,8,긍정적
발매,8,긍정적
겁니다,8,긍정적
울,8,긍정적
거기,8,긍정적
만화,8,긍정적
첨,8,긍정적
란,8,긍정적
그동안,8,긍정적
당연하다,8,긍정적
지켜보다,8,긍정적
하이라이트,8,긍정적
문화,8,긍정적
발라드,8,긍정적
제대로,8,긍정적
박다,8,긍정적
용기,8,긍정적
아깝다,8,긍정적
특별하다,8,부정적
완벽하다,8,긍정적
영광,8,긍정적
시키다,8,긍정적
세계,8,긍정적
기르다,8,긍정적
겨우,8,긍정적
운명,8,긍정적
불,8,긍정적
이끌다,8,긍정적
케미,8,긍정적
박히다,8,긍정적
하루하루,8,긍정적
다가,8,긍정적
된거,8,긍정적
외우다,8,긍정적
독자,8,긍정적
천재,8,긍정적
잡고,8,긍정적
검다,8,긍정적
매우,8,긍정적
아련하다,8,긍정적
적응,8,긍정적
도은호,8,긍정적
성격,8,긍정적
깨다,8,긍정적
건강하다,8,긍정적
기억,8,긍정적
배우다,8,긍정적
끝나다,8,긍정적
어울리다,8,긍정적
웨폴럽,8,긍정적
계절,8,부정적
상미,8,긍정적
보고오다,6,긍정적
넘기다,6,긍정적
얇다,6,긍정적
엄청나다,6,긍정적
난해하다,6,긍정적
치다,6,긍정적
본적,6,긍정적
안무가,6,부정적
외국,6,긍정적
충격,6,긍정적
사랑받다,6,긍정적
룩삼님,6,긍정적
맴돌다,6,긍정적
획,6,긍정적
퍼포먼스,6,긍정적
추억,6,긍정적
가득,6,긍정적
부족하다,6,긍정적
화면,6,긍정적
아마,6,긍정적
문특,6,긍정적
창작,6,긍정적
참여,6,긍정적
포기,6,긍정적
친절하다,6,긍정적
뜻,6,긍정적
캐치,6,긍정적
방향,6,긍정적
힐링,6,긍정적
코어,6,긍정적
불가능,6,긍정적
유일하다,6,부정적
좌표,6,긍정적
반갑다,6,긍정적
깔끔하다,6,긍정적
신고,6,긍정적
거지,6,긍정적
차이,6,긍정적
망하다,6,부정적
어려움,6,긍정적
계기,6,긍정적
막다,6,긍정적
짙다,6,긍정적
감다,6,부정적
외모,6,긍정적
그만하다,6,긍정적
선,6,긍정적
우상,6,긍정적
상황,6,긍정적
부끄럽다,6,긍정적
질,6,긍정적
와우,6,긍정적
돈,6,긍정적
뛰어나다,6,긍정적
관련,6,긍정적
부럽다,6,긍정적
봄날,6,긍정적
틀다,6,긍정적
층,6,긍정적
구경,6,긍정적
갈증,6,긍정적
찡하다,6,긍정적
결과물,6,긍정적
죄송하다,6,긍정적
로,6,긍정적
완료,6,긍정적
호감,6,부정적
한국어,6,긍정적
내주다,6,긍정적
와중,6,긍정적
빠르다,6,긍정적
이미지,6,긍정적
주,6,긍정적
야근,6,긍정적
인하다,6,긍정적
니,6,긍정적
자격,6,긍정적
플,6,긍정적
부,6,긍정적
끊다,6,긍정적
향,6,긍정적
대한민국,6,긍정적
꽃,6,긍정적
생,6,긍정적
밝다,6,긍정적
입증,6,긍정적
유입,6,긍정적
덕,6,긍정적
방탄,6,긍정적
게다가,6,긍정적
승부,6,긍정적
서다,6,긍정적
몇번,6,긍정적
짜릿하다,6,부정적
잉,6,긍정적
입,6,긍정적
조합,6,긍정적
영원,6,긍정적
꽤,6,긍정적
가리다,6,긍정적
지나다,6,긍정적
타고,6,긍정적
지난,6,긍정적
지나치다,6,긍정적
이전,6,긍정적
몇,6,긍정적
일반,6,긍정적
갑자기,6,긍정적
법,6,긍정적
외치다,6,긍정적
소름,6,긍정적
사녹,6,긍정적
루트,6,긍정적
심하다,6,긍정적
이면,6,긍정적
해외,6,긍정적
인물,6,긍정적
판단,6,긍정적
스며들다,6,긍정적
꽉,6,긍정적
이어도,6,긍정적
살리다,6,긍정적
하트,6,긍정적
어깨,6,긍정적
스,6,긍정적
들어가다,6,긍정적
가요,6,부정적
대가,6,긍정적
싸다,6,긍정적
신인,6,긍정적
숏츠,6,긍정적
채,6,긍정적
봉구,6,긍정적
킬링,6,긍정적
귀로,6,긍정적
흥얼거리다,6,긍정적
클릭,6,긍정적
조회,6,긍정적
겪다,6,긍정적
냥,6,긍정적
줌,6,긍정적
나타나다,6,긍정적
울다,6,긍정적
지치다,6,긍정적
자연스럽다,6,긍정적
동생,6,긍정적
그리다,6,긍정적
노랗다,6,긍정적
고개,6,긍정적
무너지다,6,긍정적
떨어지다,6,긍정적
이기다,6,긍정적
며칠,6,긍정적
웃기다,6,긍정적
운전,6,긍정적
비너스,6,긍정적
갈수록,6,긍정적
흔들다,6,부정적
성적,6,긍정적
자부심,6,긍정적
애니메이션,6,긍정적
리스트,6,긍정적
사고,6,긍정적
자연,6,긍정적
적다,6,긍정적
이분,6,긍정적
얼굴,6,부정적
거구,6,긍정적
발,6,긍정적
공식,6,긍정적
써주다,6,긍정적
나중,6,긍정적
몸,6,부정적
가면,6,긍정적
웨이,6,긍정적
극락,6,긍정적
흥,6,긍정적
방이,6,긍정적
뭉클하다,6,긍정적
여전하다,6,부정적
한마디,6,긍정적
인식,6,긍정적
지키다,6,긍정적
알아보다,6,긍정적
잘뽑다,6,긍정적
호기심,6,긍정적
빼다,6,긍정적
보이,6,긍정적
라인,6,긍정적
모험,6,긍정적
구나,6,부정적
자극,6,긍정적
건강,6,긍정적
마치,6,긍정적
배,6,긍정적
유명하다,6,부정적
처럼,6,긍정적
자,6,긍정적
질리,6,긍정적
만난,6,긍정적
성장,6,긍정적
터지다,6,긍정적
지피다,6,긍정적
구간,6,부정적
소속사,6,긍정적
초반,6,긍정적
다,6,긍정적
유쾌하다,6,긍정적
전혀,6,긍정적
비슷하다,6,부정적
상태,6,부정적
짤,6,긍정적
오류,6,긍정적
등등,6,긍정적
맞닿다,6,부정적
눈물나다,6,긍정적
다음,6,긍정적
큰일,6,긍정적
월,6,긍정적
틀,6,긍정적
정신,6,긍정적
테라,6,긍정적
상,6,긍정적
구르다,6,긍정적
풀리다,6,긍정적
보라색,6,긍정적
저격,6,긍정적
유성,6,긍정적
푹,6,긍정적
겨울,6,긍정적
달라,6,긍정적
테,6,긍정적
재송합니,6,긍정적
평플,6,긍정적
다해,6,긍정적
일주일,6,긍정적
정복,6,긍정적
달리다,6,긍정적
울리다,6,긍정적
돌아가다,6,긍정적
왤케,6,긍정적
던지다,6,부정적
산책,6,부정적
성공,6,긍정적
웨포럽,6,긍정적
타다,6,긍정적
마주치다,6,긍정적
여행,6,긍정적
열다,6,부정적
간다,6,긍정적
알려지다,6,부정적
이파리,6,부정적
알아주다,6,긍정적
명곡,6,긍정적
내일,6,긍정적
릴레이,6,긍정적
당사,6,긍정적
지구,6,긍정적
틀어놓다,6,긍정적
친친,6,긍정적
황홀하다,6,긍정적
출석,6,긍정적
팅,6,긍정적
호,6,긍정적
시,4,긍정적
돗자리,4,긍정적
완전체,4,긍정적
취급,4,긍정적
거나,4,긍정적
상상,4,긍정적
일본,4,긍정적
기술자,4,긍정적
여태,4,긍정적
뽑히다,4,긍정적
롱런,4,긍정적
쇼,4,긍정적
상이,4,긍정적
케팝,4,긍정적
스푼,4,긍정적
일으키다,4,부정적
후렴,4,긍정적
버스,4,긍정적
아이러니,4,긍정적
찌다,4,긍정적
적용,4,긍정적
말임,4,긍정적
얘기,4,긍정적
꾸준하다,4,긍정적
일반인,4,긍정적
파워,4,긍정적
풀,4,긍정적
포지션,4,부정적
서정,4,긍정적
떡,4,긍정적
공부,4,긍정적
판이,4,긍정적
인지도,4,긍정적
현재,4,긍정적
사라지다,4,부정적
왜냐면,4,긍정적
기록,4,긍정적
특정,4,긍정적
젤,4,긍정적
돌고래,4,긍정적
환영,4,긍정적
수용,4,긍정적
묻다,4,긍정적
동경,4,긍정적
몫,4,긍정적
어차피,4,긍정적
사,4,긍정적
높아지다,4,긍정적
상품,4,긍정적
생활,4,긍정적
지리다,4,긍정적
사운드,4,긍정적
노랜,4,긍정적
안달,4,긍정적
대상,4,긍정적
외,4,긍정적
별개,4,부정적
불러일으키다,4,긍정적
가뜩이나,4,긍정적
다정하다,4,긍정적
날다,4,긍정적
마음씨,4,긍정적
따스하다,4,부정적
워,4,긍정적
원,4,긍정적
벚꽃,4,긍정적
근본,4,긍정적
뼈,4,긍정적
포함,4,긍정적
상징,4,긍정적
댓,4,긍정적
어서,4,긍정적
투자,4,긍정적
속도,4,긍정적
저녁,4,긍정적
소화,4,부정적
뚝스들,4,긍정적
개념,4,긍정적
뒤로,4,긍정적
극복,4,긍정적
완성,4,긍정적
가능성,4,긍정적
팝업,4,긍정적
밀리다,4,긍정적
감탄,4,긍정적
피곤하다,4,긍정적
간,4,긍정적
마음속,4,긍정적
독보,4,긍정적
땐,4,긍정적
슬픔,4,긍정적
대중성,4,긍정적
게이,4,긍정적
쳐다보다,4,긍정적
룩,4,긍정적
직관,4,긍정적
믹싱,4,긍정적
후반,4,긍정적
아저씨,4,긍정적
명의,4,긍정적
최신,4,긍정적
중간,4,긍정적
나누다,4,긍정적
뛰어들다,4,긍정적
대충,4,긍정적
무심코,4,긍정적
장난,4,긍정적
지네,4,긍정적
밀다,4,긍정적
성숙하다,4,긍정적
화,4,긍정적
바이브,4,긍정적
집,4,부정적
만하,4,긍정적
복,4,긍정적
편협,4,긍정적
두,4,긍정적
아무,4,긍정적
행보,4,긍정적
최대한,4,긍정적
아이돌판,4,긍정적
하라,4,긍정적
삼,4,긍정적
이용,4,긍정적
기능,4,부정적
무작정,4,긍정적
버츄얼그룹,4,부정적
초동,4,긍정적
돋다,4,긍정적
대기,4,긍정적
현대,4,긍정적
검정,4,긍정적
는걸,4,긍정적
여기저기,4,긍정적
견제,4,긍정적
어,4,긍정적
캬,4,긍정적
편,4,긍정적
환경,4,긍정적
짝사랑,4,긍정적
지내다,4,긍정적
하늘,4,긍정적
창,4,긍정적
버,4,긍정적
은우,4,긍정적
하자,4,긍정적
달려가다,4,긍정적
몰려오다,4,긍정적
정,4,긍정적
주행,4,긍정적
열광하다,4,긍정적
보통,4,긍정적
왜케,4,긍정적
살아가다,4,긍정적
트렌드,4,긍정적
주자,4,긍정적
탄생,4,긍정적
행사,4,부정적
종종,4,긍정적
검색,4,긍정적
구성,4,긍정적
재생,4,긍정적
지지,4,긍정적
몰입,4,긍정적
바르다,4,긍정적
셀프,4,긍정적
수준,4,긍정적
분명하다,4,부정적
얼임,4,긍정적
가족,4,부정적
틀리다,4,긍정적
소,4,긍정적
중학교,4,부정적
단점,4,긍정적
무기,4,긍정적
가즈,4,긍정적
선택,4,긍정적
주저앉다,4,긍정적
돌아보다,4,긍정적
두려움,4,긍정적
결정,4,긍정적
일어나다,4,긍정적
새기다,4,긍정적
잠,4,긍정적
어쩌면,4,긍정적
잠시,4,긍정적
한순간,4,긍정적
히어로,4,긍정적
진정,4,부정적
악기,4,부정적
위대하다,4,긍정적
폼,4,긍정적
가까워지다,4,긍정적
단어,4,긍정적
다이빙,4,긍정적
넓다,4,긍정적
연습생,4,긍정적
겨냥,4,긍정적
비트,4,긍정적
신경,4,긍정적
바라보다,4,긍정적
뚝스,4,긍정적
사랑스럽다,4,긍정적
사람인,4,긍정적
만남,4,긍정적
월드,4,긍정적
숨기다,4,긍정적
평범하다,4,긍정적
공간,4,부정적
감안,4,긍정적
동작,4,긍정적
놀래다,4,긍정적
생방,4,긍정적
단지,4,긍정적
뭐길,4,긍정적
무,4,부정적
의심,4,긍정적
롤,4,긍정적
메,4,긍정적
리플,4,긍정적
리스,4,긍정적
마스,4,긍정적
이안,4,긍정적
넘어가다,4,긍정적
덕이,4,긍정적
질투,4,긍정적
리더,4,긍정적
룩빡,4,긍정적
일동,4,긍정적
영애,4,긍정적
계시다,4,긍정적
그거,4,부정적
점수,4,긍정적
저런,4,긍정적
뉴,4,긍정적
도와주다,4,긍정적
훌륭하다,4,긍정적
안도,4,긍정적
강하다,4,부정적
흘러가다,4,긍정적
반하다,4,긍정적
어렵다,4,긍정적
적지,4,긍정적
중이,4,긍정적
배다,4,긍정적
주변,4,긍정적
장하다,4,긍정적
미리,4,긍정적
펴다,4,긍정적
저기,4,긍정적
제목,4,긍정적
날아가다,4,긍정적
찾아가다,4,긍정적
오프닝,4,긍정적
송,4,긍정적
동시,4,긍정적
해피엔딩,4,긍정적
엔딩,4,긍정적
그래픽,4,긍정적
우연,4,긍정적
이인,4,긍정적
청,4,긍정적
남성,4,긍정적
굉장하다,4,긍정적
동방신기,4,긍정적
드,4,긍정적
험난하다,4,긍정적
꽂히다,4,긍정적
댓글달다,4,긍정적
적당하다,4,부정적
바람,4,긍정적
상관없다,4,부정적
열,4,긍정적
금방,4,긍정적
드네,4,긍정적
가볍다,4,긍정적
조,4,긍정적
뿐이다,4,긍정적
곁들이다,4,긍정적
뭉치다,4,긍정적
잡히다,4,긍정적
깨지다,4,부정적
열리다,4,긍정적
라면,4,부정적
환상,4,긍정적
낮다,4,긍정적
한몫,4,긍정적
내면,4,긍정적
리스너,4,긍정적
모이,4,긍정적
보답,4,긍정적
감기,4,긍정적
초,4,긍정적
떨리다,4,긍정적
치,4,긍정적
웬만하다,4,긍정적
순위,4,긍정적
뽀뽀,4,긍정적
페이지,4,긍정적
길다,4,긍정적
뚝,4,긍정적
스님,4,긍정적
구현,4,긍정적
쿠키,4,부정적
해소,4,부정적
긁다,4,부정적
어쩜,4,긍정적
꿈결,4,긍정적
은하수,4,부정적
리얼,4,긍정적
주접,4,긍정적
댄브,4,부정적
수박,4,긍정적
무리,4,긍정적
상반,4,긍정적
앞날,4,긍정적
확정,4,긍정적
일지,4,부정적
항,4,긍정적
어그,4,긍정적
오오오,4,긍정적
스트레스,4,긍정적
내보내다,4,긍정적
전시,4,긍정적
우주,4,부정적
둘,4,긍정적
기절,4,긍정적
축제,4,긍정적
뿌리다,4,긍정적
불가능하다,4,긍정적
유지,4,긍정적
감명,4,긍정적
어도,4,긍정적
두다,4,긍정적
최근,4,긍정적
릴스,4,긍정적
틱톡,4,긍정적
얻다,4,긍정적
상관,4,긍정적
옆집,4,긍정적
상승,4,긍정적
적극,4,긍정적
청자,4,긍정적
입장,4,긍정적
실감,4,긍정적
어쩌다가,4,긍정적
길가,4,긍정적
간절하다,4,부정적
속보,4,긍정적
남돌곡,4,긍정적
연출,4,긍정적
여쭈다,4,긍정적
따리,4,긍정적
찢다,4,부정적
외계,4,긍정적
직원,4,긍정적
사이버가수,4,부정적
낯설다,4,부정적
남예준,4,긍정적
유하,4,긍정적
올해,4,긍정적
가도,4,긍정적
멈추다,4,긍정적
할미,4,긍정적
떡밥,4,긍정적
문,4,긍정적
싹,4,긍정적
얼른,4,긍정적
카메라,4,긍정적
고양이,4,긍정적
살짝,4,긍정적
절,4,긍정적
맞추다,4,긍정적
희망이,4,긍정적
소년,4,긍정적
사탕,4,긍정적
착하다,4,긍정적
애정,4,긍정적
청춘,4,긍정적
속이다,4,긍정적
시원하다,4,긍정적
오직,4,긍정적
피다,4,긍정적
포,4,긍정적
퇴근,4,긍정적
가입,4,긍정적
개척,4,긍정적
다짐,4,긍정적
날아오르다,4,긍정적
사다,4,긍정적
쭉쭉,4,긍정적
어쩌,4,긍정적
매,4,긍정적
울림,4,긍정적
땜,4,긍정적
짜증나다,4,긍정적
진가,4,긍정적
웨이포럽,4,긍정적
걸어가다,4,긍정적
유,4,긍정적
치이다,4,긍정적
무료,4,긍정적
촬영,4,긍정적
디즈니,4,긍정적
사랑둥이,4,긍정적
혹시,4,긍정적
늦,4,긍정적
전하,4,긍정적
트위터,4,긍정적
포근하다,4,부정적
헐다,4,긍정적
모야,4,긍정적
시청,4,긍정적
세이,4,긍정적
칭찬,4,긍정적
법적,4,긍정적
사례,4,긍정적
형사,4,긍정적
벅,4,긍정적
밤비야,4,긍정적
깨닫다,4,긍정적
책임지다,4,긍정적
기대하다,4,긍정적
어느새다,4,긍정적
없어지다,4,긍정적
티켓팅,4,긍정적
쟈,4,긍정적
신기,4,긍정적
쏟아지다,4,긍정적
형색,4,긍정적
쑤다,4,긍정적
웨,4,긍정적
럽,4,긍정적
도입,4,긍정적
돌파,4,긍정적
증말,4,긍정적
용,4,긍정적
킹,4,긍정적
언니,4,긍정적
레하,4,긍정적
청년,2,긍정적
못깜,2,긍정적
반박,2,긍정적
심,2,긍정적
현역,2,긍정적
군인,2,긍정적
생활관,2,긍정적
원하다,2,긍정적
러닝,2,긍정적
혁신,2,긍정적
부드럽다,2,부정적
움직,2,긍정적
본국,2,긍정적
젊다,2,긍정적
기업,2,긍정적
뺏다,2,긍정적
무서움,2,긍정적
가로막히다,2,긍정적
오기,2,긍정적
여운,2,긍정적
야구,2,긍정적
응원가,2,긍정적
작정,2,긍정적
어보,2,긍정적
도대체,2,긍정적
탈때,2,긍정적
특수성,2,긍정적
전달,2,긍정적
부각,2,긍정적
셀링,2,부정적
알맹이,2,긍정적
도루묵,2,긍정적
정의,2,긍정적
낯섬,2,긍정적
넘어오다,2,긍정적
내부,2,긍정적
꾸리다,2,긍정적
여러,2,긍정적
군필,2,긍정적
여고생,2,긍정적
동년배,2,긍정적
복잡하다,2,긍정적
이즈,2,긍정적
난이도,2,긍정적
당시,2,긍정적
슬랭,2,긍정적
칠이,2,긍정적
리뷰,2,긍정적
사회,2,긍정적
메세지,2,부정적
남돌판,2,긍정적
듀,2,긍정적
싱하,2,긍정적
시조새,2,긍정적
엨,2,긍정적
워킹맘,2,긍정적
날때,2,긍정적
흐름,2,긍정적
갖추다,2,긍정적
단합,2,긍정적
세우다,2,긍정적
후발,2,긍정적
케이스,2,긍정적
정착,2,긍정적
안치,2,긍정적
수험생,2,긍정적
수능특강,2,긍정적
커뮤니티,2,긍정적
달러,2,긍정적
마무리,2,긍정적
리가,2,긍정적
감각,2,긍정적
지향,2,긍정적
문명,2,긍정적
특급,2,긍정적
요구,2,긍정적
오타쿠,2,긍정적
탈덕,2,긍정적
인간미,2,긍정적
간의,2,긍정적
소속,2,부정적
스밍해,2,긍정적
진지하다,2,긍정적
위상,2,긍정적
갈고,2,긍정적
닦이다,2,긍정적
치중,2,긍정적
펼치다,2,긍정적
래서,2,긍정적
투룸,2,긍정적
빌라,2,긍정적
붙다,2,긍정적
숙소,2,긍정적
다시금,2,긍정적
유독,2,긍정적
판,2,긍정적
잘쓰다,2,긍정적
감회,2,긍정적
흠칫,2,긍정적
개쩌,2,긍정적
왠만하다,2,긍정적
외적인,2,긍정적
덮다,2,긍정적
비쥬,2,긍정적
잊혀지다,2,긍정적
차갑다,2,부정적
못구,2,긍정적
솜씨,2,긍정적
태어나다,2,긍정적
대량,2,긍정적
감미롭다,2,긍정적
인간성,2,긍정적
남돌임,2,긍정적
곡임,2,긍정적
모임,2,긍정적
모범,2,긍정적
답안,2,긍정적
흠잡다,2,긍정적
상영,2,긍정적
회,2,긍정적
동영상,2,긍정적
주문,2,긍정적
일임,2,긍정적
안나,2,긍정적
딸,2,긍정적
헬창형,2,긍정적
다지다,2,부정적
터사,2,긍정적
겉멋,2,긍정적
글로벌,2,긍정적
꼴,2,긍정적
하란,2,긍정적
쫑알거리다,2,긍정적
윌,2,긍정적
대표,2,긍정적
적자,2,긍정적
외주,2,긍정적
계획,2,긍정적
초창,2,긍정적
창립,2,긍정적
갱신,2,긍정적
개발자,2,긍정적
이팩트,2,긍정적
디자인,2,긍정적
디뚝스,2,긍정적
스케쥴,2,부정적
선뜻,2,긍정적
들,2,긍정적
합류,2,부정적
핬,2,긍정적
전적,2,부정적
동의,2,긍정적
모션캡쳐,2,긍정적
여실히,2,긍정적
돌려차기,2,긍정적
주식,2,부정적
상장,2,긍정적
재산,2,긍정적
재다,2,긍정적
승리,2,긍정적
막말,2,긍정적
아가,2,긍정적
폰,2,긍정적
키링,2,긍정적
한적,2,긍정적
초단,2,긍정적
잠도,2,긍정적
자고,2,긍정적
쏟다,2,긍정적
광기,2,긍정적
우스,2,긍정적
잃어버리다,2,긍정적
희미하다,2,부정적
회귀,2,긍정적
듭니,2,긍정적
난적,2,긍정적
떠나오다,2,긍정적
꺼내다,2,긍정적
어루만지다,2,긍정적
꼽아,2,긍정적
심다,2,긍정적
꽃꽃길,2,긍정적
그립다,2,부정적
방울,2,긍정적
펭수,2,긍정적
컨텐츠,2,긍정적
위주,2,긍정적
반년,2,긍정적
브로,2,긍정적
고해,2,긍정적
명확하다,2,부정적
유명,2,부정적
샘플링,2,긍정적
방식,2,긍정적
꾸밈,2,긍정적
심심하다,2,긍정적
문제,2,긍정적
하니,2,긍정적
승하,2,긍정적
발음,2,긍정적
아들,2,긍정적
베댓,2,긍정적
마라톤,2,긍정적
절차,2,긍정적
밟다,2,긍정적
뭔,2,긍정적
부수,2,긍정적
의지,2,긍정적
휩쓸다,2,긍정적
점령,2,긍정적
낮,2,긍정적
설다,2,긍정적
낮선,2,긍정적
맥락,2,긍정적
절대로,2,긍정적
샤워,2,긍정적
찡찡거리다,2,긍정적
부러워하다,2,긍정적
흘러나오다,2,긍정적
뉴스,2,긍정적
코웃음,2,긍정적
친,2,긍정적
오픈,2,긍정적
마인드,2,긍정적
저리,2,긍정적
특보,2,긍정적
진하다,2,긍정적
쟁쟁,2,긍정적
놔두다,2,긍정적
여친,2,긍정적
장땡임,2,긍정적
데려오다,2,긍정적
밸런스,2,긍정적
다시다,2,긍정적
달이,2,긍정적
음식,2,부정적
어색하다,2,긍정적
낯,2,긍정적
내뱉다,2,긍정적
앞서다,2,긍정적
가짐,2,긍정적
시점,2,긍정적
하든,2,긍정적
안쓰럽다,2,긍정적
비웃다,2,긍정적
권리,2,긍정적
실험,2,긍정적
위험하다,2,긍정적
도박,2,긍정적
무의식,2,긍정적
강요,2,긍정적
망정,2,긍정적
가하다,2,긍정적
생전,2,긍정적
앞뒤,2,긍정적
주시,2,긍정적
윤택,2,긍정적
가꾸다,2,긍정적
나날이,2,긍정적
만약,2,긍정적
노출,2,긍정적
할퀴다,2,긍정적
굳은살,2,부정적
고여,2,긍정적
물길,2,긍정적
슈스들,2,긍정적
여자애,2,긍정적
달성,2,긍정적
다행하다,2,부정적
선입견없는편,2,긍정적
수강신청,2,긍정적
신청,2,긍정적
인원,2,긍정적
체크,2,긍정적
무한,2,긍정적
다재다능하다,2,긍정적
버츄얼그룹임,2,긍정적
불구,2,긍정적
후기,2,부정적
스토어,2,긍정적
땀,2,부정적
버츄얼쪽,2,부정적
찢어지다,2,부정적
잘나가다,2,긍정적
덕행,2,긍정적
이정,2,긍정적
육각형,2,긍정적
포트,2,긍정적
팬미팅,2,긍정적
제외,2,긍정적
볼일,2,긍정적
냉정하다,2,긍정적
뭐짘,2,긍정적
시장,2,긍정적
방법,2,긍정적
전임,2,긍정적
전권,2,긍정적
맡기다,2,긍정적
뭐임,2,긍정적
정상,2,긍정적
오천만,2,긍정적
특수,2,긍정적
공급,2,긍정적
수요,2,긍정적
따라가다,2,긍정적
안부,2,긍정적
제자리,2,긍정적
다행,2,긍정적
빼곡,2,긍정적
별일,2,긍정적
데리다,2,부정적
이즈리얼,2,부정적
로드,2,긍정적
하얗다,2,부정적
랬,2,긍정적
이란,2,긍정적
보족,2,긍정적
세트,2,긍정적
자축,2,긍정적
자마자,2,긍정적
울면,2,긍정적
스밍체크,2,긍정적
네이버,2,긍정적
커뮤,2,긍정적
핫,2,긍정적
게시,2,긍정적
각자,2,긍정적
죵,2,긍정적
군대,2,긍정적
자본주의,2,긍정적
현,2,긍정적
단비,2,긍정적
파도,2,긍정적
마련,2,긍정적
두껍다,2,긍정적
박살,2,긍정적
웃,2,긍정적
김점,2,긍정적
쌩,2,긍정적
버튼,2,긍정적
눌리,2,긍정적
스타트,2,긍정적
잡다,2,긍정적
신드롬,2,긍정적
한강,2,긍정적
팔고,2,부정적
키포인트,2,긍정적
죽지,2,긍정적
끼치다,2,긍정적
다운,2,긍정적
노리,2,긍정적
컬러,2,부정적
팔레트,2,긍정적
이곡,2,긍정적
대중가요,2,부정적
맙시,2,긍정적
수로,2,긍정적
형성,2,긍정적
도움,2,긍정적
룩빡이들,2,긍정적
부로,2,긍정적
스트릿,2,긍정적
출신,2,긍정적
예의,2,긍정적
산전수전,2,긍정적
트랙,2,긍정적
메이킹,2,부정적
사오다,2,긍정적
율동,2,긍정적
물다,2,긍정적
츄르,2,긍정적
울먹거리다,2,긍정적
떠올리다,2,부정적
비중,2,긍정적
탕,2,긍정적
걸그룹,2,긍정적
암흑,2,긍정적
내다보다,2,긍정적
대성,2,긍정적
우울증,2,긍정적
앓다,2,긍정적
현중,2,긍정적
재미없다,2,긍정적
모델,2,긍정적
정이,2,긍정적
거실,2,긍정적
나오니,2,긍정적
망가지다,2,긍정적
걷기,2,부정적
빌다,2,긍정적
오타,2,긍정적
맞춤법,2,긍정적
고치,2,긍정적
인터넷,2,긍정적
방송인,2,긍정적
기준,2,긍정적
달려오다,2,긍정적
커녕,2,긍정적
시각,2,긍정적
순,2,긍정적
남팬,2,긍정적
도덕,2,긍정적
수업,2,긍정적
달기,2,긍정적
학년,2,긍정적
학생,2,긍정적
전체,2,긍정적
인상,2,긍정적
특징,2,긍정적
연,2,긍정적
그을거,2,긍정적
외면,2,긍정적
만회,2,긍정적
걸어오다,2,긍정적
부추기다,2,긍정적
사방,2,긍정적
가늠,2,긍정적
물리다,2,긍정적
아득하다,2,부정적
백지,2,긍정적
동떨어지다,2,긍정적
발자국,2,긍정적
주저,2,긍정적
움직임,2,긍정적
땀방울,2,긍정적
막연하다,2,긍정적
이어진,2,긍정적
만연하다,2,긍정적
문장,2,긍정적
쉼표,2,긍정적
마침표,2,긍정적
일기,2,긍정적
설치,2,긍정적
침대,2,긍정적
이불,2,긍정적
괴물,2,긍정적
한시,2,긍정적
잠자리,2,긍정적
파고들다,2,긍정적
해답,2,긍정적
결코,2,긍정적
돌이키다,2,긍정적
헛된,2,긍정적
개쩌넼,2,긍정적
바램,2,긍정적
슬프다,2,긍정적
모델링,2,긍정적
빌리다,2,긍정적
일부,2,긍정적
연주,2,긍정적
생생하다,2,부정적
빼먹다,2,긍정적
서프라이즈,2,긍정적
주기도,2,긍정적
자시다,2,긍정적
시구,2,긍정적
외출,2,부정적
난생,2,긍정적
눈쌀,2,긍정적
찌푸리다,2,긍정적
조심,2,긍정적
연락,2,긍정적
해달라다,2,긍정적
스펙트럼,2,긍정적
으쓱,2,긍정적
괜,2,긍정적
웃곀,2,긍정적
설득,2,긍정적
밝혀내다,2,긍정적
욕심,2,긍정적
이겠다,2,긍정적
색감,2,긍정적
풍경,2,긍정적
호강,2,긍정적
끌리다,2,긍정적
초기,2,긍정적
듬,2,긍정적
마이,2,부정적
나나,2,긍정적
채다,2,긍정적
린,2,긍정적
지용,2,긍정적
짧아지다,2,긍정적
범벅,2,긍정적
즈음,2,긍정적
온달,2,긍정적
부디,2,긍정적
리즘,2,긍정적
마구,2,긍정적
오해,2,긍정적
특색,2,긍정적
이처럼,2,긍정적
만년,2,긍정적
메모리즈,2,긍정적
귓가,2,긍정적
살랑,2,긍정적
청량곡,2,긍정적
쯤,2,긍정적
간만,2,긍정적
갇히다,2,긍정적
놀랍다,2,긍정적
신세계,2,긍정적
넓히다,2,긍정적
후크쏭,2,긍정적
음율,2,긍정적
헀다,2,부정적
픽셀,2,긍정적
손해,2,긍정적
남지,2,긍정적
버츄얼들,2,긍정적
업계,2,긍정적
관점,2,긍정적
마이너,2,긍정적
공략,2,긍정적
섬세하다,2,긍정적
맴,2,긍정적
버들,2,긍정적
표정,2,긍정적
계정,2,긍정적
즉,2,긍정적
오가다,2,긍정적
오,2,긍정적
라우,2,긍정적
테일,2,긍정적
왜케좋,2,긍정적
맛있다,2,부정적
대중픽,2,긍정적
노리다,2,긍정적
놀다,2,긍정적
입시,2,긍정적
짝,2,긍정적
대학,2,긍정적
합격,2,긍정적
습,2,긍정적
어딧어,2,긍정적
표절논란,2,부정적
무척,2,긍정적
포럽,2,긍정적
창법,2,긍정적
목,2,긍정적
매니아,2,긍정적
비음,2,긍정적
섞이다,2,긍정적
담백하다,2,긍정적
숨,2,긍정적
턱,2,긍정적
막히다,2,긍정적
통수,2,긍정적
쪽팔리다,2,긍정적
반성,2,긍정적
보이지,2,긍정적
선입견있던,2,긍정적
익숙하다,2,부정적
찾기,2,긍정적
피파,2,긍정적
승선근무예비역,2,부정적
개띠,2,긍정적
예비군,2,긍정적
겜,2,긍정적
한판,2,부정적
잘못,2,긍정적
거임,2,긍정적
충,2,긍정적
댐,2,긍정적
모레,2,긍정적
마흔,2,긍정적
넊낌,2,긍정적
왓다,2,긍정적
청량파긴함,2,긍정적
돌팬,2,긍정적
팔다,2,긍정적
클립,2,긍정적
유람,2,긍정적
흐르다,2,긍정적
오그,2,긍정적
상해,2,긍정적
격는,2,긍정적
치가,2,긍정적
성향,2,긍정적
애교,2,긍정적
부리고,2,긍정적
치대다,2,긍정적
거장,2,긍정적
나진,2,긍정적
신선하다,2,부정적
인스타,2,긍정적
르,2,긍정적
세라핌,2,긍정적
지하,2,긍정적
입히다,2,긍정적
비제,2,긍정적
탈,2,긍정적
탑,2,긍정적
행,2,긍정적
최전선,2,긍정적
온갖,2,긍정적
견디다,2,긍정적
개선,2,긍정적
계세,2,긍정적
반영,2,부정적
곳도,2,긍정적
인내심,2,긍정적
산물,2,긍정적
원동력,2,긍정적
이하,2,긍정적
멋대로,2,긍정적
라즈,2,긍정적
예술,2,긍정적
경지,2,긍정적
빈공간,2,긍정적
자구,2,긍정적
몇몇,2,긍정적
뻔,2,긍정적
기획사,2,긍정적
연구,2,긍정적
개취,2,긍정적
억지,2,긍정적
두텁다,2,긍정적
통한,2,긍정적
뿜었는데,2,긍정적
토끼,2,긍정적
물만두,2,긍정적
서럽다,2,긍정적
중독되엇어,2,긍정적
다듷,2,긍정적
어쩌구,2,부정적
잔뜩,2,긍정적
심오하다,2,긍정적
비유,2,긍정적
소린,2,긍정적
왕따,2,긍정적
팽배,2,긍정적
청량,2,긍정적
의문,2,긍정적
필요,2,긍정적
편안함,2,부정적
음으로,2,긍정적
귀가,2,긍정적
블록,2,긍정적
모양,2,긍정적
쓩,2,긍정적
불편하다,2,부정적
장면,2,긍정적
소년만화,2,긍정적
실물,2,긍정적
변화무쌍하다,2,긍정적
컴퓨터,2,긍정적
메시지,2,긍정적
끝내다,2,긍정적
케익,2,긍정적
들여놓다,2,긍정적
촛불,2,긍정적
업무,2,긍정적
과중,2,긍정적
애인,2,긍정적
따름,2,긍정적
날자,2,긍정적
만점,2,긍정적
기특하다,2,부정적
직캠,2,긍정적
악,2,긍정적
락,2,긍정적
차분해지다,2,긍정적
았,2,긍정적
무색,2,긍정적
주말,2,긍정적
쇼케이스,2,부정적
한페이,2,긍정적
급,2,긍정적
홀,2,긍정적
관할,2,긍정적
갖은,2,부정적
대관,2,긍정적
프로모션,2,긍정적
업체,2,긍정적
내놓다,2,긍정적
것일,2,긍정적
여성,2,긍정적
기차,2,긍정적
칸,2,긍정적
선봉,2,긍정적
뚫다,2,긍정적
룩삼보,2,긍정적
게뭐,2,긍정적
루한,2,긍정적
나임,2,긍정적
호가,2,긍정적
기엽,2,긍정적
차도,2,긍정적
뱅,2,긍정적
날기,2,긍정적
대체,2,긍정적
타이틀곡,2,긍정적
왜인,2,긍정적
떠오르다,2,긍정적
명언,2,긍정적
팔자,2,긍정적
시너지,2,긍정적
대신,2,긍정적
좌충우돌,2,긍정적
겹,2,긍정적
씌우다,2,긍정적
시스템,2,긍정적
서먹하다,2,긍정적
습도,2,긍정적
친밀해지다,2,긍정적
희다,2,긍정적
평화,2,긍정적
반드시,2,긍정적
랄,2,긍정적
훌쩍,2,긍정적
재의,2,긍정적
잿빛,2,긍정적
붉다,2,긍정적
몬가,2,긍정적
허참,2,긍정적
쌈,2,긍정적
추가,2,긍정적
한국말,2,긍정적
과거,2,긍정적
취하,2,긍정적
조화,2,긍정적
수단,2,긍정적
헛소문,2,긍정적
모으다,2,긍정적
부차,2,긍정적
센스,2,긍정적
붙이다,2,긍정적
시안,2,긍정적
법칙,2,긍정적
악플러,2,긍정적
가나,2,긍정적
비걸,2,긍정적
특수하다,2,긍정적
이목,2,긍정적
똘똘,2,긍정적
저물다,2,긍정적
벌이다,2,긍정적
게로,2,긍정적
틈,2,긍정적
벗어나다,2,부정적
조명,2,긍정적
넼,2,긍정적
큐,2,긍정적
옌,2,긍정적
친근하다,2,부정적
외형,2,긍정적
외관,2,긍정적
대다수,2,긍정적
방증,2,긍정적
휀걸,2,긍정적
엠,2,긍정적
오묘하다,2,긍정적
비피엠,2,긍정적
훑다,2,긍정적
즐거움,2,긍정적
단조롭다,2,긍정적
운명론,2,긍정적
기대다,2,긍정적
파서,2,긍정적
보라,2,긍정적
고장,2,긍정적
봄철,2,부정적
조심하다,2,긍정적
한해,2,긍정적
보정,2,긍정적
쥬,2,긍정적
은발,2,부정적
혐생,2,긍정적
중딩,2,긍정적
기괴,2,부정적
위도,2,긍정적
왓,2,긍정적
발짝,2,긍정적
다가가다,2,긍정적
익숙,2,긍정적
캐럿,2,긍정적
핑뚝,2,긍정적
고치다,2,긍정적
심금,2,긍정적
린다,2,긍정적
날리다,2,부정적
린데,2,긍정적
형님,2,긍정적
표,2,긍정적
꽉차다,2,긍정적
위너,2,긍정적
펜타곤,2,긍정적
마켓팅,2,긍정적
올라서다,2,긍정적
님들,2,긍정적
해주시,2,긍정적
몰카,2,긍정적
산,2,긍정적
면,2,긍정적
밥,2,부정적
올리다,2,긍정적
넘사벽,2,긍정적
초월,2,긍정적
기이,2,긍정적
감격,2,긍정적
쩔어요,2,긍정적
씨,2,긍정적
웠던,2,긍정적
가버리다,2,긍정적
짘짜,2,긍정적
어찌,2,긍정적
깔리다,2,부정적
잘맞다,2,긍정적
꿈나라,2,긍정적
꿈빛,2,긍정적
밤꿈,2,긍정적
형용,2,긍정적
놓이다,2,긍정적
보름달,2,긍정적
시골,2,긍정적
잔,2,긍정적
격해지다,2,긍정적
댄브때,2,긍정적
빡,2,긍정적
겉,2,긍정적
핥다,2,긍정적
식,2,긍정적
바비인형,2,긍정적
틴,2,긍정적
자세하다,2,긍정적
음미,2,긍정적
몽환,2,긍정적
롱화,2,긍정적
동화,2,긍정적
꿈속,2,긍정적
회전목마,2,부정적
등진,2,긍정적
어둡다,2,긍정적
설계,2,긍정적
일부러,2,긍정적
극단,2,긍정적
두운,2,긍정적
충만,2,긍정적
따윈,2,긍정적
거짓,2,긍정적
쿵,2,긍정적
찧다,2,긍정적
보석같다,2,긍정적
어쩜좋,2,긍정적
심정,2,긍정적
쏙,2,긍정적
숨막히다,2,긍정적
털다,2,부정적
갓,2,긍정적
류,2,긍정적
야무지다,2,긍정적
버터,2,긍정적
창창하다,2,긍정적
최고다,2,긍정적
자도,2,긍정적
위노,2,긍정적
해킹,2,긍정적
타임스퀘어,2,긍정적
핸드폰,2,긍정적
아이패드,2,긍정적
맥북,2,긍정적
갤탭,2,긍정적
자시,2,긍정적
전송,2,긍정적
강제,2,긍정적
심각하다,2,긍정적
잘추다,2,긍정적
훅,2,긍정적
펀치,2,긍정적
차리다,2,긍정적
혼미하다,2,긍정적
어딧,2,긍정적
찰싹,2,긍정적
달라붙다,2,부정적
찹쌀떡,2,긍정적
점도,2,긍정적
이세,2,긍정적
존,2,긍정적
화학물질,2,긍정적
쬬,2,긍정적
롤롤,2,긍정적
옹드,2,긍정적
거려,2,긍정적
전설,2,긍정적
격렬하다,2,긍정적
탈모,2,부정적
놓치다,2,긍정적
인기가요,2,긍정적
엠카,2,긍정적
더쇼,2,긍정적
출시,2,긍정적
켜,2,긍정적
해조,2,긍정적
압살,2,긍정적
발언,2,긍정적
뒷굴러봐,2,긍정적
신화,2,긍정적
벽화,2,긍정적
씨디,2,부정적
박물관,2,긍정적
당장,2,긍정적
픽픽,2,긍정적
겟,2,긍정적
다리,2,부정적
엎어지다,2,긍정적
힘빠지다,2,긍정적
퀸카,2,긍정적
킹카,2,긍정적
파뤼,2,긍정적
초대장,2,긍정적
뿌슝뿌슝,2,긍정적
초대,2,긍정적
헤어지다,2,긍정적
대화,2,긍정적
주고받다,2,긍정적
해산,2,긍정적
고조,2,긍정적
효과음,2,긍정적
겟습,2,긍정적
윌리엄,2,긍정적
제왑,2,긍정적
삐,2,긍정적
힛맨뱅,2,긍정적
미드나잇,2,긍정적
핑크색,2,긍정적
쁜,2,긍정적
가루,2,긍정적
통,2,긍정적
만팔천구백이십삼,2,긍정적
조통,2,긍정적
화려하다,2,긍정적
장렬,2,긍정적
웅장,2,긍정적
버렷,2,긍정적
빨강,2,긍정적
파랑,2,긍정적
색,2,긍정적
일상생활,2,긍정적
거동,2,긍정적
산소,2,긍정적
호흡기,2,긍정적
성량,2,긍정적
키우다,2,긍정적
서울,2,긍정적
만방,2,긍정적
니즈,2,긍정적
궁합,2,긍정적
메들리,2,긍정적
콕,2,긍정적
네버,2,긍정적
블확실,2,긍정적
레인보우,2,긍정적
꽁꽁,2,긍정적
어머니,2,긍정적
활약,2,긍정적
아미가,2,긍정적
살기,2,긍정적
생활고,2,긍정적
괴로움,2,긍정적
왜때,2,긍정적
합치다,2,긍정적
무진장,2,긍정적
거립니,2,긍정적
수직,2,긍정적
팔리다,2,긍정적
삿,2,긍정적
서도,2,긍정적
선두,2,긍정적
산업,2,긍정적
관전,2,긍정적
격감,2,긍정적
방도,2,긍정적
인지,2,긍정적
메인,2,긍정적
로라,2,긍정적
다비드상,2,긍정적
원숭이,2,긍정적
장안,2,긍정적
픽,2,긍정적
데뷔전,2,긍정적
홍대,2,긍정적
버스킹,2,긍정적
크리스마스,2,긍정적
세번,2,긍정적
인연,2,긍정적
필연,2,긍정적
사르다,2,긍정적
답,2,긍정적
걸왜,2,긍정적
보나,2,긍정적
흐엉,2,긍정적
알리,2,긍정적
싸우다,2,긍정적
바알,2,긍정적
반짝이다,2,부정적
나야,2,긍정적
아모,2,긍정적
꿈꾸다,2,긍정적
던,2,긍정적
셈,2,긍정적
잡솨,2,긍정적
구랭,2,긍정적
수면,2,긍정적
연습생시절,2,긍정적
근근히,2,긍정적
눈팅,2,긍정적
쫌쫌,2,긍정적
당일,2,긍정적
거치,2,긍정적
주일,2,긍정적
기간,2,긍정적
민아,2,긍정적
찾아다니다,2,긍정적
공감,2,긍정적
가림,2,부정적
빵꾸,2,긍정적
내기,2,긍정적
대강,2,긍정적
일수,2,긍정적
초로,2,긍정적
힘쓰다,2,긍정적
연예인,2,긍정적
지하철,2,긍정적
짬날때,2,긍정적
범위,2,긍정적
넓어지다,2,부정적
웃기,2,긍정적
니요,2,긍정적
비감,2,긍정적
제약,2,긍정적
없애다,2,부정적
크로마키,2,부정적
합성,2,부정적
질적,2,긍정적
질감,2,긍정적
홀딱,2,긍정적
반한,2,긍정적
라떼,2,부정적
음반,2,긍정적
굿굿,2,긍정적
탈케,2,긍정적
찌,2,긍정적
최초,2,긍정적
쩔다,2,긍정적
얼탱,2,긍정적
역대,2,긍정적
지코,2,긍정적
인용,2,긍정적
삿대질,2,긍정적
주목,2,긍정적
파란,2,긍정적
분홍,2,긍정적
은색,2,긍정적
때마,2,긍정적
팝송,2,긍정적
장창,2,긍정적
마,2,긍정적
성의,2,긍정적
후원,2,긍정적
지원,2,긍정적
현명하다,2,긍정적
첫인상,2,긍정적
역할,2,긍정적
기원,2,긍정적
베트남,2,긍정적
성실하다,2,긍정적
미도,2,긍정적
쏙쏙,2,긍정적
타격,2,긍정적
떠들다,2,긍정적
인디밴드,2,긍정적
클래식,2,긍정적
뮤지컬,2,긍정적
넘버,2,긍정적
쫒다,2,긍정적
존잘,2,긍정적
머싯어,2,긍정적
왓치,2,긍정적
미우다,2,긍정적
프롬,2,긍정적
고르다,2,긍정적
도밑,2,긍정적
이뿌다,2,긍정적
화이,2,긍정적
티,2,긍정적
이쯤,2,긍정적
반,2,긍정적
대부분,2,긍정적
온전,2,긍정적
메타,2,긍정적
대단원,2,긍정적
입구,2,긍정적
알아차리다,2,부정적
헛것,2,긍정적
괴롭히다,2,긍정적
발주,2,긍정적
국경,2,긍정적
두드리다,2,긍정적
잘불르다,2,긍정적
물어보다,2,긍정적
뜸,2,긍정적
입덧,2,긍정적
룩삼봤다,2,긍정적
웃교,2,긍정적
언급,2,긍정적
때리다,2,긍정적
정리,2,긍정적
꺼리다,2,부정적
빵집,2,부정적
신가,2,긍정적
외길,2,긍정적
메이저,2,긍정적
거치다,2,긍정적
워낙,2,부정적
쌍방,2,긍정적
열애,2,긍정적
중임,2,긍정적
중심,2,긍정적
과언,2,긍정적
일방,2,긍정적
달라짐,2,긍정적
고로,2,긍정적
짧게하다,2,긍정적
일찍,2,부정적
마주,2,긍정적
치료받다,2,긍정적
재활,2,긍정적
구실,2,긍정적
사람과,2,긍정적
공황,2,긍정적
토,2,긍정적
대인기피증,2,긍정적
인테리어,2,긍정적
용이,2,긍정적
강아지,2,긍정적
짱구,2,긍정적
불쑥,2,긍정적
로고,2,긍정적
썸네일,2,긍정적
어리둥절하다,2,긍정적
홀린,2,긍정적
하늘하늘하다,2,긍정적
뛰어오다,2,긍정적
흐리다,2,부정적
오메,2,긍정적
차례차례,2,긍정적
습관,2,긍정적
끼다,2,긍정적
도망치다,2,긍정적
그날,2,긍정적
혼자,2,긍정적
시큰둥하다,2,부정적
씩씩하다,2,긍정적
북적,2,긍정적
난감하다,2,긍정적
벌벌,2,긍정적
떨다,2,긍정적
여유롭다,2,긍정적
미소,2,긍정적
짓다,2,긍정적
나름,2,긍정적
이상하,2,긍정적
불안,2,긍정적
벌렁,2,긍정적
저리다,2,긍정적
보석,2,긍정적
만날,2,긍정적
말씀드리다,2,긍정적
도파민,2,긍정적
드물다,2,긍정적
조정,2,긍정적
팍팍하다,2,긍정적
출근길,2,긍정적
위안,2,긍정적
루틴,2,긍정적
기적,2,긍정적
흡입,2,긍정적
열중,2,긍정적
별빛,2,긍정적
흐려지다,2,부정적
위치,2,긍정적
올려다보다,2,긍정적
차지,2,긍정적
사우디아라비아,2,긍정적
뵥뵥이,2,긍정적
오후,2,긍정적
짧다,2,긍정적
덜덜,2,긍정적
역량,2,긍정적
안다,2,긍정적
정성,2,긍정적
실패,2,긍정적
천사,2,긍정적
드세다,2,긍정적
끼어들다,2,긍정적
껄끄러움,2,긍정적
주눅,2,긍정적
은근,2,긍정적
뎃글,2,긍정적
남다르다,2,긍정적
쾌청하다,2,부정적
팍,2,긍정적
뚫리다,2,부정적
청아하다,2,긍정적
신비롭다,2,긍정적
쉽사리,2,긍정적
발길,2,긍정적
깨뜨리다,2,부정적
크나크다,2,긍정적
은하,2,긍정적
러브,2,긍정적
찻아보,2,긍정적
착각,2,긍정적
삘,2,긍정적
서서히,2,긍정적
쫓다,2,긍정적
투영,2,긍정적
부탁,2,긍정적
질문,2,긍정적
되돌아보다,2,긍정적
면모,2,긍정적
비상,2,긍정적
깨어나다,2,부정적
삭막하다,2,긍정적
삶다,2,부정적
차원,2,긍정적
조용하다,2,긍정적
용다,2,긍정적
두둥,2,긍정적
박동,2,긍정적
입문,2,긍정적
일인,2,긍정적
후회되다,2,긍정적
거들다,2,긍정적
굴,2,긍정적
긍정,2,부정적
호평,2,긍정적
재미,2,긍정적
값지다,2,긍정적
어로,2,긍정적
변,2,긍정적
수치,2,긍정적
수나,2,긍정적
사이트,2,긍정적
프리징,2,긍정적
고요,2,긍정적
쓸모,2,긍정적
존경,2,긍정적
뛰어넘다,2,부정적
임영웅,2,긍정적
순전하다,2,긍정적
급성,2,긍정적
부하,2,긍정적
비아,2,긍정적
아무렇다,2,긍정적
안타깝다,2,긍정적
카톡,2,긍정적
수종,2,긍정적
지루하다,2,긍정적
생기,2,부정적
디폴트,2,긍정적
가져가다,2,긍정적
응,2,긍정적
원만하다,2,긍정적
대감,2,긍정적
으샤으샤,2,긍정적
다독이다,2,부정적
재미있다,2,긍정적
직전,2,긍정적
주인공,2,긍정적
트루먼쇼,2,긍정적
판타지,2,긍정적
밑,2,긍정적
실화,2,긍정적
기반,2,긍정적
커서,2,긍정적
숨스,2,부정적
더하다,2,긍정적
비상하다,2,긍정적
훨훨,2,긍정적
받치다,2,긍정적
안심,2,긍정적
하고프다,2,긍정적
위기,2,긍정적
설마,2,긍정적
악플달다,2,긍정적
차로,2,긍정적
카,2,긍정적
룸,2,긍정적
왹져들,2,긍정적
픽사,2,긍정적
지브리,2,긍정적
라이트,2,긍정적
다소,2,긍정적
치열하다,2,긍정적
번복,2,긍정적
뿜뿜,2,긍정적
우선,2,긍정적
디렉,2,긍정적
착착,2,긍정적
이지,2,긍정적
만들어지다,2,긍정적
공개,2,긍정적
편의,2,긍정적
나눠지다,2,긍정적
드라마틱하다,2,긍정적
밀려오다,2,긍정적
프로듀싱,2,긍정적
우리나라,2,긍정적
디,2,긍정적
하,2,긍정적
우르르,2,긍정적
선사,2,긍정적
고트,2,긍정적
불호,2,긍정적
이장면,2,긍정적
예주니,2,긍정적
만수무강,2,긍정적
진효,2,긍정적
반주,2,긍정적
가상세계,2,긍정적
개떼,2,긍정적
뜯다,2,긍정적
갈구다,2,부정적
회부,2,긍정적
국적,2,긍정적
런,2,긍정적
가시,2,긍정적
밭,2,긍정적
발바닥,2,긍정적
지압,2,긍정적
세다,2,긍정적
멘탈,2,긍정적
튼튼하다,2,긍정적
이보,2,긍정적
맞이,2,긍정적
위길,2,긍정적
김,2,긍정적
뎅,2,긍정적
확신,2,긍정적
길거리,2,부정적
한지,2,긍정적
천,2,긍정적
명도,2,긍정적
소심하다,2,긍정적
본래,2,긍정적
거니,2,긍정적
근래,2,긍정적
고려,2,긍정적
구매,2,긍정적
오프라인,2,긍정적
속성,2,긍정적
지옥,2,긍정적
끝내주다,2,긍정적
매듭,2,긍정적
든든하다,2,긍정적
받침,2,긍정적
알바,2,긍정적
왕창,2,긍정적
서나,2,긍정적
플뿌,2,긍정적
구,2,긍정적
힘나다,2,긍정적
널리,2,긍정적
부활,2,긍정적
감옥,2,긍정적
가두다,2,긍정적
건너오다,2,부정적
온라인,2,부정적
상의,2,긍정적
악의,2,긍정적
행위,2,긍정적
대응,2,긍정적
진행,2,긍정적
제보,2,긍정적
수집,2,긍정적
증거,2,긍정적
자료,2,긍정적
검토,2,긍정적
처벌,2,긍정적
여건,2,긍정적
고소,2,긍정적
및,2,긍정적
관,2,긍정적
근거,2,긍정적
루머,2,긍정적
유포,2,긍정적
행위자,2,긍정적
조치,2,긍정적
법정,2,긍정적
봬,2,긍정적
휴가,2,긍정적
빵빵,2,긍정적
좋더랗,2,긍정적
전율,2,긍정적
올라오다,2,긍정적
오르다,2,긍정적
문법,2,긍정적
번역기,2,긍정적
사용,2,긍정적
충분하다,2,긍정적
백만,2,긍정적
엄마,2,긍정적
안보,2,긍정적
선샤인,2,부정적
실크,2,긍정적
보이스,2,긍정적
노동요,2,긍정적
마저,2,긍정적
키,2,긍정적
널,2,부정적
여러가지,2,긍정적
변화,2,긍정적
도래,2,긍정적
약속,2,긍정적
치레,2,긍정적
불과하다,2,긍정적
피신,2,긍정적
감당,2,긍정적
촤암,2,긍정적
팅팅,2,긍정적
부어,2,긍정적
훌찌럭,2,긍정적
뻗다,2,부정적
수고,2,긍정적
망,2,긍정적
진창,2,긍정적
강쥐,2,긍정적
보아,2,긍정적
댑악이넨,2,긍정적
한국인,2,긍정적
메다,2,긍정적
빨,2,긍정적
언플,2,긍정적
셀럽,2,긍정적
하락,2,긍정적
깨우다,2,긍정적
강가,2,긍정적
눕다,2,긍정적
주욱,2,긍정적
만끽,2,긍정적
이십분,2,긍정적
잠들다,2,긍정적
불안하다,2,긍정적
줄다,2,긍정적
특,2,긍정적
통학,2,긍정적
도로,2,부정적
남겨지다,2,긍정적
이영화,2,긍정적
자전거,2,긍정적
아스테룸,2,긍정적
뻔하다,2,긍정적
응원봉,2,긍정적
사레,2,긍정적
레,2,긍정적
오방,2,긍정적
블랙홀,2,긍정적
탈출,2,긍정적
불가,2,긍정적
모름,2,긍정적
더닠,2,긍정적
바깥,2,긍정적
뮤,2,긍정적
빙해,2,긍정적
어어,2,긍정적
뿌,2,긍정적
각,2,긍정적
감겨,2,긍정적
레인,2,긍정적
뽜우,2,긍정적
헤드셋,2,긍정적
쭌디,2,긍정적
라디오,2,긍정적
스페셜,2,긍정적
디제이,2,긍정적
팔백만,2,긍정적
문특봤,2,긍정적
아따,2,긍정적
도루,2,긍정적
구만,2,긍정적
스근,2,긍정적
소원,2,긍정적
스킵,2,긍정적
전과,2,긍정적
닥오,2,긍정적
절로,2,긍정적
나가야,2,긍정적
새해,2,긍정적
장식,2,긍정적
라쓰꼬,2,긍정적
반등,2,긍정적
애니매이션,2,긍정적
인형,2,긍정적
노고,2,긍정적
듀싱할,2,긍정적
전이,2,긍정적
죠타,2,긍정적
닷,2,긍정적
안남다,2,부정적
하나요,2,긍정적
모자라다,2,긍정적
깜짝,2,긍정적
고난,2,긍정적
시련,2,긍정적
편이,2,긍정적
주변인,2,긍정적
우울하다,2,부정적
죙일,2,긍정적
감고,2,긍정적
폴,2,긍정적
럽어,2,긍정적
징,2,긍정적
죽다,2,긍정적
여진,2,긍정적
꺄,2,긍정적
작,2,긍정적
진,2,긍정적
진국,2,긍정적
트레이닝,2,긍정적
비정상,2,긍정적
잔잔하다,2,긍정적
쌍둥이,2,긍정적
구분,2,긍정적
잘알다,2,긍정적
아지트,2,긍정적
아카펠라,2,부정적
찍,2,긍정적
상가,2,긍정적
이노,2,긍정적
순위도,2,긍정적
일만,2,긍정적
라스,2,긍정적
선구자,2,긍정적
정확하다,2,긍정적
완벽,2,긍정적
그려지다,2,긍정적
사나이,2,긍정적
소녀,2,긍정적
차암,2,긍정적
맙습,2,긍정적
개추,2,긍정적
벅벅,2,긍정적
눌럿다,2,긍정적
우꼉,2,긍정적
쿨쩍,2,긍정적
볼땐,2,긍정적
벌리다,2,긍정적
드가자,2,긍정적
짜지다,2,부정적
지모,2,긍정적
몽글몽글하다,2,긍정적
움직이다,2,긍정적
있쨔나,2,긍정적
확,2,긍정적
해외여행,2,부정적
오예,2,긍정적
몽글하다,2,부정적
여자,2,긍정적
따지다,2,긍정적
쩐다,2,긍정적
완전하다,2,긍정적
곁,2,긍정적
충전,2,긍정적
어이,2,긍정적
관부,2,긍정적
한국팬,2,긍정적
돛대,2,긍정적
침략,2,긍정적
게임,2,긍정적
지하철역,2,긍정적
보드,2,긍정적
변하다,2,긍정적
미쵸땨,2,긍정적
째다,2,긍정적
사진,2,긍정적
럭키,2,긍정적
트리플,2,긍정적
세븐,2,긍정적
가라앉히다,2,긍정적
오열,2,긍정적
미가,2,긍정적
하하,2,긍정적
넹,2,긍정적
만가,2,긍정적
가보,2,긍정적
출격,2,긍정적
폭포,2,긍정적
피어,2,긍정적
노을,2,긍정적
지고,2,긍정적
섹시하다,2,부정적
없쟎아,2,긍정적
뮤밍해,2,긍정적
기쁘쟎아,2,부정적
모드,2,부정적
넘겨주다,2,긍정적
더빙,2,긍정적
뽀,2,긍정적
의미,2,긍정적
아파트,2,긍정적
출구,2,긍정적
놀란,2,긍정적
달래다,2,긍정적
공유,2,긍정적
입사,2,긍정적
촉,2,긍정적
큐피드,2,긍정적
버전,2,긍정적
덥다,2,긍정적
보법,2,긍정적
활기차다,2,긍정적
사귀다,2,긍정적
오빠미,2,긍정적
먼지,2,부정적
욧,2,긍정적
시즌,2,긍정적
옷,2,긍정적
가을,2,긍정적
가능,2,긍정적
먹히다,2,긍정적
음악프로그램,2,긍정적
동질감,2,긍정적
허무,2,긍정적
마력,2,부정적
딸리다,2,긍정적
렌더링,2,긍정적
이제야,2,긍정적
거듭,2,긍정적
굿,2,긍정적
어분,2,부정적
모션,2,긍정적
슈트,2,긍정적
입다,2,긍정적
쏘다,2,긍정적
태양,2,긍정적
스튜디오,2,긍정적
콘서트장,2,긍정적
혐,2,긍정적
입술,2,부정적
사건,2,긍정적
막내,2,긍정적
맏내,2,긍정적
한세상,2,긍정적
사생팬,2,긍정적
점임,2,긍정적
관상,2,긍정적
흰색,2,긍정적
님,2,긍정적
인걸,2,긍정적
얘넨,2,긍정적
짜증,2,긍정적
파,2,긍정적
병크,2,긍정적
터,2,긍정적
트리,2,긍정적
범죄,2,긍정적
훨낫다,2,긍정적
비호감,2,부정적
투디,2,긍정적
아쉬움,2,긍정적
팬사인회,2,긍정적
궁금증,2,긍정적
외국인,2,긍정적
전멸,2,부정적
가짜,2,긍정적
욕먹다,2,긍정적
쟤,2,긍정적
늙다,2,긍정적
팬심,2,긍정적
어마어마하다,2,긍정적
그었으,2,긍정적
내려오다,2,긍정적
어필,2,긍정적
관리,2,긍정적
썩다,2,긍정적
대하,2,긍정적
쓰기,2,긍정적
코리안,2,긍정적
따라쟁,2,긍정적
국민성,2,긍정적
심각,2,긍정적
연기,2,긍정적
타오,2,부정적
어른,2,긍정적
꼰대,2,긍정적
